"","CID","maxlatency","mean_latency","mean_time_retrieve","mean_time_compute","time_add_IPFS","mean_time_pubsub"
"1","QmaxofYtBmjK7moaxW78nViZPhVy3sjkwLKwxS5cB4vsYy",904,235.367346938776,38334393.5714286,67221.7755102041,176209708,20.7560235918367
"2","Qmc25mAXUNogoaoRHSLq2SecCEzwPAdPYiv2evpxUo5e2F",3114,335.734693877551,66496565.4285714,61091.9591836735,126154222,143.022814489796
"3","QmfRicXvmKBds3b7m8mWioQyREMwu3jhmRGRXhw2fWxweY",1988,258.979591836735,35904575.0408163,85441.8163265306,151244746,71.7448289795918
"4","QmQ5RhQnZq1xiR3EDPewkXdUd4PToUQfqPquvsYyCdpwaY",4267,512.551020408163,90117956.5306122,82742.7142857143,152112140,270.238181163265
