"","CID","maxlatency","mean_latency","mean_time_retrieve","mean_time_compute","time_add_IPFS","mean_time_pubsub"
"1","QmbtQYnuBQRs6NC2G87LFjGx8o9jghDnNA547Kt41WbW6W",4228,527.795918367347,88618511.4081633,60620.5102040816,118437569,320.67921744898
"2","QmcJ74WbPTZwbKik2qWJu6mJUjgrUaHpncywYSBRh9ThmC",9990,2311.59183673469,54233927.6734694,62469.7755102041,118308535,2138.98690428571
"3","QmfHE5eqbHftKVFfin161idD4UekubxAT7H7CBj8YzqB8G",3110,355.918367346939,46697957.122449,62350.2040816327,110436144,198.721916020408
"4","QmPicRP2xs2H4926zNiatvGJYw1jXdDxjd4XkGL9PvmXoq",1999,261.755102040816,36801047.9795918,62502.4285714286,134875533,90.016018632653
"5","QmSFbs811Da5ooaWLJ6YcnXTLWauViYbUuvJQVTGTMDJyD",8872,1811.63265306122,64935167.4693878,59676.6530612245,118109220,1628.52858893878
"6","QmT9HESdACHMf9pWQgRn8apnE8is2dif3bDRLmd1eHULEB",11101,2939.16326530612,174607031.632653,62646.6326530612,110483515,2654.01007204082
"7","QmW7PUaf4Hoxtb6mWFe44TCCom8zjLYJVPYDxrfiANY3i1",991,227.836734693878,39072119.244898,63630.693877551,160327811,28.373173755102
"8","QmWUcHRw6bgEwpcApoxvTYy77TAk17XwahPPbP8XsCpXaE",7753,1406.16326530612,68767828.9795918,58124.3265306122,109924888,1227.412424
