"","CID","maxlatency","mean_latency","mean_time_retrieve","mean_time_compute","time_add_IPFS","mean_time_pubsub"
"1","QmaC1wTZFfxcfo2D8uMpDnfweDu2RAniUqrkspDJxZqJ8t",7899,1225.75510204082,74844438.6734694,62288.3469387755,126258193,1024.59018202041
"2","QmTM4YLEfrYNdZScfsNoPhr6b4i414gJLf2ZTvWLYMy5c9",3657,385.34693877551,57425904.6326531,63018.612244898,126326209,201.531806530612
"3","QmUNtJLm91r16E2QQnU2WtXYofRNwLMvrbbzCG74ohWgdu",1485,281.204081632653,38089212.8163265,59415.9795918367,209674026,33.3814268367347
"4","QmVjGdVC5oDQGbwmfzEzwRXj2zw7pgNErTEzaQBwSNFZr7",9034,1595.44897959184,47022474.5306122,59084.0816326531,134613469,1413.75395197959
"5","QmZHxWGmStaRxUwMjVAkM3Sqg8Wp4hdHtX47PmrkySo2FQ",2531,260.612244897959,89988431.3673469,60331.4897959184,126211990,44.3514920408163
