"","CID","maxlatency","mean_latency","mean_time_retrieve","mean_time_compute","time_add_IPFS","mean_time_pubsub"
"1","QmbZcuFgvotKfwMfqgtzeoCtHHos5rHmyUHNz9vi2BjtyG",8500,1411.63265306122,69255895.1020408,57991.9795918367,176729057,1165.58970897959
"2","Qmctof6Esjx16RWGtEwtn9GPTBAu2RRsnKfs2LTEPBzrS1",10787,2213.91836734694,40126492.3673469,62937.2040816327,151237890,2022.49104777551
"3","QmQak5dt3dvrqGtDVQRaDnGWLS9bYM1qg5g59uZv8FA1Nz",9635,1742.55102040816,66170997.6938775,61285.1224489796,134994776,1541.32396159184
"4","QmT7z9X8tUxPQtRbSvVB1kAMsuuYUCggikXyThgykZH3NN",1608,278.448979591837,66613307.9795918,62612.0816326531,168274570,43.4984895306122
"5","QmUe5T8wb1xyQtKqzxUhEZ4NVxgS4oqCJHRsG3QBib1kVt",2886,396.367346938775,34539831.4285714,59062.3265306122,167488100,194.280353183674
"6","QmX4bYHdozsPPhit5iWA4FRLcTVq2dQw6z6Vk3YRpBwCMJ",550,204.69387755102,37713525.8367347,62023.6734693878,151389578,15.5287500408163
